{"cameraMode":{"drawMode":0,"name":"Shaded","section":"Shading Mode"},"sceneLighting":true,"audioPlay":false,"sceneViewState":{"showFog":true,"showMaterialUpdate":false,"showSkybox":true,"showFlares":true,"showImageEffects":true,"showParticleSystems":true},"in2DMode":false,"pivot":{"x":3.9600000381469728,"y":40.60074996948242,"z":0.0},"rotation":{"x":0.07191453129053116,"y":-0.025431687012314798,"z":0.0018344080308452249,"w":0.9970861673355103},"size":114.28473663330078,"orthographic":true}